,kfold,changed ica every,best val bal acc
0,1.0,32.0,0.5892857142857143
0,2.0,32.0,0.5821428571428572
0,3.0,32.0,0.6243194192377495
0,4.0,32.0,0.5517241379310345
0,5.0,32.0,0.5
